INSERT INTO SETORES (ID_SETOR, NOME_SETOR, LOCALIZACAO_SETOR) 
VALUES
(1, 'USINAGEM', '110'),
(2, 'SOLDAGEM', '111'),
(3, 'PINTURA', '112'),
(4, 'MONTAGEM', '113'),
(5, 'QUALIDADE', '114');

INSERT INTO FUNCIONARIO (CPF_FUNCIONARIO, NOME_FUNCIONARIO, CARGO_FUNCIONARIO, SALARIO_FUNCIONARIO, DATA_ADMISSAO_FUNCIONARIO, ID_SETOR)
VALUES 
('013623982-18', 'DOUGLAS', 'APRENDIZ', 1.200, '2026-01-15', 1),
('013882209-10', 'MARIAH', 'APRENDIZ', 1.200, '2026-01-16', 2),
('018193310-20', 'WESLEY', 'APRENDIZ', 1.201, '2026-02-20', 2),
('021901837-19', 'CARLOS', 'TECNICO', 2.400, '2023-11-30', 1),
('928182918-12', 'ICHIGO', 'GERENTE', 5.000, '2000-09-29', 5),
('128391747-90', 'MARCO', 'INSTRUTOR', 2.300, '2000-08-10', 4),
('123392340-12', 'LUIZ', 'INSTRUTOR', 2.300, '2009-08-19', 3),
('112301746-52', 'JULIA', 'BRIGADISTA', 2.500, '2007-05-15', 2),
('121233744-23', 'ARTHUR', 'SEGURANÇA', 2.400, '2001-08-10', 4),
('191391557-44', 'DOWNSOKYO', 'REPOSITOR', 2.250, '2003-06-15', 3);

INSERT INTO PRODUTOS(ID_PRODUTO, NOME_PRODUTO, PRECO_PRODUTO, QUANTIDADE_PRODUTO, DESCRICAO_PRODUTO)
VALUES
(1, 'PARAFUSO', 1.50, 100, 'PARAFUSO DE AÇO'),
(2, 'PORCA', 2.00, 50, 'PORCA DE AÇO'),
(3, 'ARRUELA', 1.00, 200, 'ARRUELA DE AÇO'),
(4, 'CHAVES', 5.00, 30, 'CONJUNTO DE CHAVES'),
(5, 'LAMPADA', 10.00, 10, 'LAMPADA DE LED'),
(6, 'ELETRCALHA', 50.00, 50, 'ESTRUTURA METÁLICA'),
(7, 'AGULHA', 1.00, 100, 'AGULHA DE ALUMÍNIO'),
(8, 'PERFILADOS', 50.00, 100, 'ESTRUTURA METÁLICA'),
(9, 'CHAVE DE FENDA', 5.00, 100, 'CHAVE DE FERRO'),
(10, 'PAQUÍMETRO', 80.00, 100, 'PAQUÍMETRO DIGITAL');

INSERT INTO CATEGORIAS (ID_CATEGORIA)